标题,channelname,docurl,imgurl,source,tlink
货车在高速上失控走s型侧翻 司机：因为猪在车厢里打架,yaowen,https://www.163.com/v/video/VK1S0LFA8.html,http://cms-bucket.ws.126.net/2023/0420/770c264bp00rtev9a006uc000s600e3c.png,小易热线 奇闻轶事 车祸 交通事故,https://www.163.com/v/video/VK1S0LFA8.html
小学生乘坐定制公交疑被赶下车 迎着沙尘暴走三四公里,yaowen,https://www.163.com/dy/article/I2PP3A0U0514R9OJ.html,http://dingyue.ws.126.net/2023/0420/8553e682j00rteu3c000sc000az009wg.jpg,环球网资讯,https://www.163.com/dy/article/I2PP3A0U0514R9OJ.html
水厂擅自给3000户居民换水表 索安装费无果断水10余天,yaowen,https://www.163.com/dy/article/I2ORJVE40514D3UH.html,http://cms-bucket.ws.126.net/2023/0420/6d48ec33p00rteuoq002kc0009c0070c.png,封面新闻,https://www.163.com/dy/article/I2ORJVE40514D3UH.html
宝马mini拒发国人冰激凌后 小鹏汽车展台免费发冰激凌,yaowen,https://www.163.com/v/video/VM1RT0B17.html,http://cms-bucket.ws.126.net/2023/0420/cac514aep00rtet11001sc000s600e3c.png,点时新闻,https://www.163.com/v/video/VM1RT0B17.html
女子坐高铁直接将光脚放到前座座顶 前面大哥脾气真好,yaowen,https://www.163.com/v/video/VC1OH39BH.html,http://cms-bucket.ws.126.net/2023/0420/c231ca7fp00rtet87002dc000s600e3c.png,全科树洞观,https://www.163.com/v/video/VC1OH39BH.html
日本国会收到炸弹威胁 对方声称＂21日下午开始大屠杀＂,yaowen,https://www.163.com/dy/article/I2PJ67L40512B07B.html,http://cms-bucket.ws.126.net/2023/0420/1a434dbdp00rtewlx009dc000s600e3c.png,每日经济新闻,https://www.163.com/dy/article/I2PJ67L40512B07B.html
好奇女子体验分娩仪 开机一秒后喊叫声回荡整条街道,yaowen,https://www.163.com/v/video/VK1RTA4N0.html,http://cms-bucket.ws.126.net/2023/0420/4d68b257p00rtesn0002dc000s600e3c.png,小易热线,https://www.163.com/v/video/VK1RTA4N0.html
中国男子称在苏丹提＂使馆＂后险遭不测 被迫跪地举起手,yaowen,https://www.163.com/v/video/VG1QSELFF.html,http://cms-bucket.ws.126.net/2023/0420/82f07797p00rtes3c0034c000s600e3c.png,胖塌塌生活酱,https://www.163.com/v/video/VG1QSELFF.html
男子13年里救助候鸟超10万只 曾在巡护路上被砍伤,yaowen,https://www.163.com/dy/article/I2PLS0DP0553W94B.html,http://cms-bucket.ws.126.net/2023/0420/3328d38cp00rtewpy006mc0009c0070c.png,正观特稿,https://www.163.com/dy/article/I2PLS0DP0553W94B.html
男子被陌生人贴膏药后晕倒:对方自称来自少林寺武学院,yaowen,https://www.163.com/dy/article/I2PBF3FF053469LG.html,http://cms-bucket.ws.126.net/2023/0420/daac9f4cp00rtetyh00mwc000s600e3c.png,极目新闻,https://www.163.com/dy/article/I2PBF3FF053469LG.html
男子嫌服务员态度差一盘子砸其头上 谁料对方不是吃素的,yaowen,https://www.163.com/v/video/VX1R2PICL.html,http://cms-bucket.ws.126.net/2023/0420/11ec4338p00rteq8o002ic000s600e3c.png,葫芦生活酱,https://www.163.com/v/video/VX1R2PICL.html
城管执法时二话不说上来就搬东西 完全不顾女摊主苦求,yaowen,https://www.163.com/v/video/VP1R3HP4T.html,http://cms-bucket.ws.126.net/2023/0420/fac4705bp00rteqoi0035c000s600e3c.png,树洞热观察,https://www.163.com/v/video/VP1R3HP4T.html
中美关系敏感时刻 美轰炸机首现中印边境参加军演,yaowen,https://www.163.com/dy/article/I2PJCDDF0515CCSC.html,http://cms-bucket.ws.126.net/2023/0420/b3ee8ce4p00rteq5a004fc000s600e3c.png,国防时报排头兵,https://www.163.com/dy/article/I2PJCDDF0515CCSC.html
英媒：普京的脖子现“异常” 疑是术后后遗症,yaowen,https://www.163.com/v/video/VG1R6L2MD.html,http://cms-bucket.ws.126.net/2023/0420/c1fac3bdp00rteorj002ic000s600e3c.png,胖塌塌生活酱,https://www.163.com/v/video/VG1R6L2MD.html
女子在宝马展台直播冰淇淋事件 被保安暴力架出场外,yaowen,https://www.163.com/v/video/VK1RP4VI8.html,http://cms-bucket.ws.126.net/2023/0420/988b5ba5j00rtep7j002dc000s600e3c.jpg,小易热线,https://www.163.com/v/video/VK1RP4VI8.html
中学校长在酒吧与多名女子举止亲密不雅 被教育部通报,yaowen,https://www.163.com/v/video/VE1RAC3TM.html,http://cms-bucket.ws.126.net/2023/0420/b7ac87f6p00rteo03000yc000s600e3c.png,大象新闻,https://www.163.com/v/video/VE1RAC3TM.html
落马副省长被称为＂股神＂ 曾动用2.2亿财政资金炒股,yaowen,https://www.163.com/news/article/I2PH53C20001899O.html,http://cms-bucket.ws.126.net/2023/0420/adccdc71p00rtens0001dc0009c0070c.png,上观新闻,https://www.163.com/news/article/I2PH53C20001899O.html
男子提两袋冰淇淋在宝马mini展台发放 现场观众疯抢,yaowen,https://www.163.com/v/video/VK1RMN3S9.html,http://cms-bucket.ws.126.net/2023/0420/17e373eej00rten7m000jc000s600e3c.jpg,时刻资讯,https://www.163.com/v/video/VK1RMN3S9.html
杭州公开一批色狼的信息 有人连续3天地铁上猥亵女乘客,yaowen,https://www.163.com/v/video/VM1RJMHKV.html,http://cms-bucket.ws.126.net/2023/0420/15a93ab0p00rtemmp002bc000s600e3c.png,点时新闻,https://www.163.com/v/video/VM1RJMHKV.html
尹锡悦称＂台湾问题是全球问题＂ 外交部回应,yaowen,https://www.163.com/news/article/I2PG13BK0001899O.html,http://cms-bucket.ws.126.net/2023/0420/055a8e40p00rtemvg000xc0009c0070c.png,人民网,https://www.163.com/news/article/I2PG13BK0001899O.html
大爷买仨包子付十九万 店家对视一眼愣住赶紧报警,yaowen,https://www.163.com/v/video/VK1RLFBBQ.html,http://cms-bucket.ws.126.net/2023/0420/e4b7ff4bp00rtemsi0025c000s600e3c.png,小易热线,https://www.163.com/v/video/VK1RLFBBQ.html
宝马MINI＂双标＂事件冰淇淋供应方:未参与车展现场运营,yaowen,https://www.163.com/news/article/I2PE7RPB0001899N.html,http://cms-bucket.ws.126.net/2023/0420/ee7079c3p00rtem2f00btc0009c0070c.png,界面新闻,https://www.163.com/news/article/I2PE7RPB0001899N.html
河南女子出租屋内躺平8年拒绝一切社交 每月只花500块,yaowen,https://www.163.com/dy/article/I2N0PKDH05534K6C.html,http://dingyue.ws.126.net/2023/0419/3910cf35j00rtcurz00fdc000li00hom.jpg,社会奇闻君,https://www.163.com/dy/article/I2N0PKDH05534K6C.html
一家美企因违反对华为出口管制被美方罚款 外交部回应,yaowen,https://www.163.com/news/article/I2PDO1V10001899O.html,http://cms-bucket.ws.126.net/2023/0420/4d8aa7b1p00rtelkl000tc0009c0070c.png,环球网,https://www.163.com/news/article/I2PDO1V10001899O.html
女子在银行存1000万4个月后剩6毛2 法院：你也有责任,yaowen,https://www.163.com/dy/article/I2N3Q49405534K6C.html,http://dingyue.ws.126.net/2023/0419/18479d1bj00rtcx7i00gkc000lp00i7m.jpg,社会奇闻君,https://www.163.com/dy/article/I2N3Q49405534K6C.html
中美商务部人员会面 就经贸关系交换意见,yaowen,https://www.163.com/news/article/I2PD083J0001899O.html,http://cms-bucket.ws.126.net/2023/0420/159242fdp00rtekrs001vc0009c0070c.png,界面新闻,https://www.163.com/news/article/I2PD083J0001899O.html
工人在长峰医院火灾前 曾看到电焊施工旁有堆垃圾,yaowen,https://www.163.com/dy/article/I2NJ8F2G05199DKK.html,http://cms-bucket.ws.126.net/2023/0420/2a458726p00rtejfa0045c0009c0070c.png,经济观察报,https://www.163.com/dy/article/I2NJ8F2G05199DKK.html
媒体：普京在赫尔松军事基地说的话 让人想起二十多年,yaowen,https://www.163.com/dy/article/I2ON7LCJ0512DU6N.html,http://cms-bucket.ws.126.net/2023/0420/3fb9bf3cp00rtej5c00a8c0009c0070c.png,新民晚报,https://www.163.com/dy/article/I2ON7LCJ0512DU6N.html
上海一银行女员工遭男员工殴打 被逼到角落撕扯,yaowen,https://www.163.com/v/video/VM1RGJFA5.html,http://cms-bucket.ws.126.net/2023/0420/5c4d302fp00rtej0r0021c000s600e3c.png,点时新闻,https://www.163.com/v/video/VM1RGJFA5.html
高校男生假装摔倒向女友求婚 周边同学的反应亮了,yaowen,https://www.163.com/v/video/VW1R7AFVS.html,http://cms-bucket.ws.126.net/2023/0420/896d2334j00rteicr0014c000s600e3c.jpg,每日资讯早知道,https://www.163.com/v/video/VW1R7AFVS.html
聋哑夫妇开修脚店女儿当＂翻译官＂ 有客人从外地赶来,yaowen,https://www.163.com/dy/article/I2MLNKM50514D3UH.html,http://cms-bucket.ws.126.net/2023/0420/d911ea61p00rteiop004ic0009c0070c.png,封面新闻,https://www.163.com/dy/article/I2MLNKM50514D3UH.html
父亲花50万从缅北赎回儿子 求免掉4千罚款被警察拒绝,yaowen,https://www.163.com/dy/article/I2NIOCLT0514D9AO.html,http://cms-bucket.ws.126.net/2023/0420/6fcdc254p00rtehao008rc0009c0070c.png,剥洋葱people,https://www.163.com/dy/article/I2NIOCLT0514D9AO.html
男孩拿手电随意晃了一下 远处商铺玻璃直接碎裂,yaowen,https://www.163.com/v/video/VQ1R6M8AE.html,http://cms-bucket.ws.126.net/2023/0420/22406142p00rteh84002bc000s600e3c.png,江西晨报,https://www.163.com/v/video/VQ1R6M8AE.html
李显龙：美台多个行为极具挑衅性 大陆必然会作出反应,yaowen,https://www.163.com/dy/article/I2P5OCFR0514FGV8.html,http://cms-bucket.ws.126.net/2023/0420/60aa3320p00rteg7m003pc0009c0070c.png,直新闻,https://www.163.com/dy/article/I2P5OCFR0514FGV8.html
江西一男生爬山时突遭暴雨 像极了荒野求生,yaowen,https://www.163.com/v/video/VM1PFIAM8.html,http://cms-bucket.ws.126.net/2023/0420/0298c3edj00rtef0a000rc000s600e3c.jpg,星尘视频,https://www.163.com/v/video/VM1PFIAM8.html
女子开豪车刮蹭路人 当场扔包脱衣服开打,yaowen,https://www.163.com/v/video/VJ1R9VUVH.html,http://cms-bucket.ws.126.net/2023/0420/20368a23j00rteevo000bc000s600e3c.jpg,胖塌塌视点,https://www.163.com/v/video/VJ1R9VUVH.html
台军特战突击艇进驻渔港 当地民众紧张：是要打仗了吗,yaowen,https://www.163.com/v/video/VB1RCK5F7.html,http://cms-bucket.ws.126.net/2023/0420/3d72a35aj00rtef93000kc000s600e3c.jpg,海峡新干线,https://www.163.com/v/video/VB1RCK5F7.html
菲外长：不会允许美在菲基地存放用于涉台海行动武器,yaowen,https://www.163.com/dy/article/I2P28RVS0514R9OJ.html,http://cms-bucket.ws.126.net/2023/0420/05475d83p00rtefpe001ac0009c0070c.png,环球网资讯,https://www.163.com/dy/article/I2P28RVS0514R9OJ.html
龙应台：大陆没开一枪就分裂岛内 收复台湾或不用动武,yaowen,https://www.163.com/news/article/I2P6Q65O00019B3E.html,http://cms-bucket.ws.126.net/2023/0420/4241847bj00rteibj002zc0009c0070c.jpg,环球网,https://www.163.com/news/article/I2P6Q65O00019B3E.html
长峰医院火灾幸存者家属：护工连续从8楼背出2位老人,yaowen,https://www.163.com/dy/article/I2P26UFP0514D3J0.html,http://cms-bucket.ws.126.net/2023/0420/dd7fbc10p00rtef5r0073c0009c0070c.png,重案组37号,https://www.163.com/dy/article/I2P26UFP0514D3J0.html
夫妇花2千万在云南建果园 屡遭野象破坏:4个月来5次,yaowen,https://www.163.com/dy/article/I2P4F9BK053469LG.html,http://cms-bucket.ws.126.net/2023/0420/3d5832f8p00rteend0084c0009c0070c.png,极目新闻,https://www.163.com/dy/article/I2P4F9BK053469LG.html
长峰医院遇难者家属：外婆遗体未被火烧伤 可能是窒息,yaowen,https://www.163.com/dy/article/I2P135V00514D3UH.html,http://cms-bucket.ws.126.net/2023/0420/2d33ac11p00rteeet0025c0009c0070c.png,封面新闻,https://www.163.com/dy/article/I2P135V00514D3UH.html
上海市民买便宜房后懵了：隔壁邻居家门口挂着八卦阵,yaowen,https://www.163.com/dy/article/I2OU3PT80512DU6N.html,http://cms-bucket.ws.126.net/2023/0420/74a17690p00rtecgb0016c000bc0088c.png,新民晚报,https://www.163.com/dy/article/I2OU3PT80512DU6N.html
郑渊洁＂认输＂：过去21年的商标维权生活像在＂吃苍蝇＂,yaowen,https://www.163.com/news/article/I2P0E75D00018AP2.html,http://cms-bucket.ws.126.net/2023/0420/e19dad9fp00rtebeg0010c0009c0070c.png,上观新闻,https://www.163.com/news/article/I2P0E75D00018AP2.html
官方首次披露张大旗已被查 其近6年前就已被免职,yaowen,https://www.163.com/dy/article/I2P1GS0B0530M570.html,http://cms-bucket.ws.126.net/2023/0420/69bd96d7p00rtec0v002cc0009c0070c.png,新京报政事儿,https://www.163.com/dy/article/I2P1GS0B0530M570.html
俄方警告尹锡悦：援乌任何武器都被视为反俄敌对行动,yaowen,https://www.163.com/dy/article/I2OPNNDQ0514R9OJ.html,http://cms-bucket.ws.126.net/2023/0420/80b40a6cp00rteax1002hc0009c0070c.png,环球网资讯,https://www.163.com/dy/article/I2OPNNDQ0514R9OJ.html
男子拍下女演员坠落9秒瞬间：男演员曾想用脚勾住她,yaowen,https://www.163.com/dy/article/I2OFVOAC0514R9P4.html,http://cms-bucket.ws.126.net/2023/0420/45205ca1p00rteak5000vc0009c0070c.png,澎湃新闻,https://www.163.com/dy/article/I2OFVOAC0514R9P4.html
俄专家：北京向莫斯科派遣高级官员 是向西方发出信号,yaowen,https://www.163.com/dy/article/I2OUJD4M0514BQ68.html,http://cms-bucket.ws.126.net/2023/0420/984776b2p00rtea10006fc0009c0070c.png,参考消息,https://www.163.com/dy/article/I2OUJD4M0514BQ68.html
上海车展上国人在宝马展台疑被歧视 冰淇淋只给老外吃,yaowen,https://www.163.com/v/video/VN1QT36T2.html,http://cms-bucket.ws.126.net/2023/0420/ad6cde17p00rte96x001fc000s600e3c.png,四海观察,https://www.163.com/v/video/VN1QT36T2.html
北约秘书长想跟中国谈军用人工智能:不把中国视为对手,yaowen,https://www.163.com/dy/article/I2OGGIB10514R9OJ.html,http://cms-bucket.ws.126.net/2023/0420/66d505abp00rte903003rc0009c0070c.png,环球网资讯,https://www.163.com/dy/article/I2OGGIB10514R9OJ.html
台积电对美国芯片补贴规则充满愤怒 董事长：无法接受,yaowen,https://www.163.com/dy/article/I2OFSOQ80514R9OJ.html,http://cms-bucket.ws.126.net/2023/0420/024753eep00rte7zl006qc0009c0070c.png,环球网资讯,https://www.163.com/dy/article/I2OFSOQ80514R9OJ.html
俄军指挥所被乌军导弹爆穿 导弹飞行轨迹清晰可见,yaowen,https://www.163.com/v/video/VN1R46V2L.html,http://cms-bucket.ws.126.net/2023/0420/9e218f61p00rtefm5002dc000s600e3c.png,三界视界,https://www.163.com/v/video/VN1R46V2L.html
长峰医院失火前涉多起医疗事故 曾因抢救欠妥被判担责,yaowen,https://www.163.com/news/article/I2OPFA160001899O.html,http://cms-bucket.ws.126.net/2023/0420/0a4d0796p00rte70h00luc0009c0070c.png,顶端新闻,https://www.163.com/news/article/I2OPFA160001899O.html
＂吃1份打包59份＂ 女子吃218元自助点4万食材店家起诉,yaowen,https://www.163.com/dy/article/I2OPO0UO0514R9OJ.html,http://cms-bucket.ws.126.net/2023/0420/f63eb0aap00rte5ds006xc0009c0070c.png,环球网资讯,https://www.163.com/dy/article/I2OPO0UO0514R9OJ.html
两艘国产导弹驱逐舰出击 现场实弹射击场面来了,yaowen,https://www.163.com/v/video/VE1R0IITK.html,http://cms-bucket.ws.126.net/2023/0420/afbf53e0p00rteo2w002nc000s600e3c.png,中国军视网,https://www.163.com/v/video/VE1R0IITK.html
媒体：马克龙涉台言论与美利益不符 法外长也态度微妙,yaowen,https://www.163.com/dy/article/I2NJC8BL0514FGV8.html,http://cms-bucket.ws.126.net/2023/0420/c1ddc0bcj00rte52r0024c0009c0070c.jpg,直新闻,https://www.163.com/dy/article/I2NJC8BL0514FGV8.html
法国总统马克龙被鸡蛋砸中脸 保镖一把将总统抱入怀里,yaowen,https://www.163.com/v/video/VK1R08VOR.html,http://cms-bucket.ws.126.net/2023/0420/6afd62fdp00rte52g004vc000mr00e5c.png,饭点资讯,https://www.163.com/v/video/VK1R08VOR.html
丈夫工伤身亡 妻子移植胚胎产下男婴向单位索赔抚养费,yaowen,https://www.163.com/news/article/I2ON8HIP00018AP2.html,http://cms-bucket.ws.126.net/2023/0420/13483d4cp00rte4wm003dc0009c0070c.png,上观新闻,https://www.163.com/news/article/I2ON8HIP00018AP2.html
美或出台限制在华投资规定 专家：势必影响中美关系,yaowen,https://www.163.com/dy/article/I2OGGIP80514R9OJ.html,http://cms-bucket.ws.126.net/2023/0420/17cc466ap00rte3ia003ec0009c0070c.png,环球网资讯,https://www.163.com/dy/article/I2OGGIP80514R9OJ.html
梅德韦杰夫:若韩民众看到俄武器出现在朝鲜 会说什么,yaowen,https://www.163.com/dy/article/I2N86JOO0514R9OJ.html,http://cms-bucket.ws.126.net/2023/0420/0a4da02dp00rte37x0019c0009c0070c.png,环球网资讯,https://www.163.com/dy/article/I2N86JOO0514R9OJ.html
德外长汇报出访成果：我们不会再重复以前的错误,yaowen,https://www.163.com/v/video/VK1QTTPCQ.html,http://cms-bucket.ws.126.net/2023/0420/68e2b887p00rte389004zc000nb00e0c.png,时刻资讯,https://www.163.com/v/video/VK1QTTPCQ.html
淄博烧烤店老板累了：每天只睡4小时 房东要涨房租,yaowen,https://www.163.com/dy/article/I2NGDMA6051492LM.html,http://cms-bucket.ws.126.net/2023/0420/40ebdc59p00rte2ql0059c0009c0070c.png,都市快报橙柿互动,https://www.163.com/dy/article/I2NGDMA6051492LM.html
＂爱国者＂终于到了 乌防长:这是我生命中最重要的时刻,yaowen,https://www.163.com/dy/article/I2NOHT810552G199.html,http://cms-bucket.ws.126.net/2023/0420/6a7988f7p00rte25j003xc0009c0070c.png,枢密院十号,https://www.163.com/dy/article/I2NOHT810552G199.html
花18.5元坐高铁还享免费餐 ＂薅短途商务座羊毛＂走红,yaowen,https://www.163.com/dy/article/I2NO2BU3053469LG.html,http://cms-bucket.ws.126.net/2023/0420/3f81bbb8p00rte21p005xc0009c0070c.png,极目新闻,https://www.163.com/dy/article/I2NO2BU3053469LG.html
为竞选美总统 印度裔商人造势时高喊：台湾 我们来了,yaowen,https://www.163.com/news/article/I2OJ83C60001899O.html,http://cms-bucket.ws.126.net/2023/0420/2cde0fa8p00rte19m0024c0009c0070c.png,北京日报客户端-长安街知事,https://www.163.com/news/article/I2OJ83C60001899O.html
长峰医院火灾幸存者：湿毛巾捂口鼻 被救时已经不行了,yaowen,https://www.163.com/news/article/I2OJBGLH0001899O.html,http://cms-bucket.ws.126.net/2023/0420/5100c9bcp00rte0rt00rdc0009c0070c.png,澎湃新闻,https://www.163.com/news/article/I2OJBGLH0001899O.html
装备精良的格鲁吉亚志愿军集结 准备对俄军发起进攻,yaowen,https://www.163.com/v/video/VK1QQESE3.html,http://cms-bucket.ws.126.net/2023/0420/52ba8f43p00rte0jt00alc000r400hgc.png,军情透视,https://www.163.com/v/video/VK1QQESE3.html
日媒：尽管美对华制裁 中国芯片大会仍吸引来多家美企,yaowen,https://www.163.com/dy/article/I2OFA59K0514R9OJ.html,http://cms-bucket.ws.126.net/2023/0420/5a6ed4eep00rtdzrl005kc0009c0070c.png,环球网资讯,https://www.163.com/dy/article/I2OFA59K0514R9OJ.html
俄乌冲突爆发400多天 俄罗斯亮出核武器,yaowen,https://www.163.com/dy/article/I2N6TIJ30514R9OJ.html,http://cms-bucket.ws.126.net/2023/0420/1741c83fp00rtdzcx001bc0009c0070c.png,环球网资讯,https://www.163.com/dy/article/I2N6TIJ30514R9OJ.html
56岁市委书记凌晨逝世 前一天上午还有公开活动,yaowen,https://www.163.com/dy/article/I2NEPN86051482MP.html,http://cms-bucket.ws.126.net/2023/0420/df177c17p00rtdzac002kc0009c0070c.png,政知新媒体,https://www.163.com/dy/article/I2NEPN86051482MP.html
