抄袭逼死原创，小鸡词典APP 1月16号停服,2023-01-26,阅读(1W+),104
2023福利汇总第13期 ：帝国进行曲,2023-01-26,阅读(1W+),51
韩国小姐姐momorina，高颜值+完美身材,2023-01-25,阅读(10W+),94
蜻蜓动漫：安全无小事，别拿生命开玩笑 ,2023-01-25,阅读(1W+),40
关于本站图片图床，请技术大佬帮忙，提一个可行方案（已有初步方案，感谢所有提供帮忙的好朋友）,2023-01-24,阅读(1W+),103
2023福利汇总第12期 ：风吹雪消,2023-01-24,阅读(1W+),41
搜图bot酱：本子漫画以图搜图找出处 ,2023-01-24,阅读(1W+),24
BBLL：哔哩哔哩第三方TV和Pad客户端 ,2023-01-23,阅读(1W+),36
2023福利汇总第11期 ：兔年快乐,2023-01-22,阅读(10W+),78
祝福利吧网友们兔年行大运，鸿图大展,2023-01-22,阅读(1W+),88
新春活动预告一：初一答题，已出结果,2023-01-22,阅读(1W+),65
2023年热门求出处1月下：Czkrok/Rizuna/杰尼杰尼/艺术小雅 ,2023-01-21,阅读(10W+),109
新春活动预告三：福利吧传奇2023新春开放，1月21日中午12点,2023-01-21,阅读(1W+),75
Netflix剧集《伊藤润二狂热》全12集 ,2023-01-21,阅读(1W+),25
2023福利汇总第10期 ：未知的探索,2023-01-20,阅读(10W+),62
考据党：贤者模式研究数学题 ,2023-01-19,阅读(1W+),36
新春活动预告二：福利吧论坛除夕~十五（1.21~2.5）晒图得限量勋章,2023-01-19,阅读(1W+),38
2022岛国百大UP，附微博大神“阑夕 ”测评及个人推荐,2023-01-18,阅读(1W+),52
新年特价会员汇总贴，腾讯视频/爱奇艺/百度网盘/芒果/优酷/115,2023-01-18,阅读(1W+),295
2023福利汇总第9期 ：四九寒天,2023-01-18,阅读(1W+),61
这就很离谱，有人把岛国推油片片段上传到油管,2023-01-17,阅读(1W+),47
加勒比出品：适合男女情侣观看，学习涨姿势的教学片 ,2023-01-17,阅读(1W+),93
2023福利汇总第8期 ：启明的航向,2023-01-16,阅读(1W+),65
油猴脚本：福利吧百家姓磁力链接自动转换 ,2023-01-16,阅读(1W+),29
FC2知名演员“Rui”正式出道，三平台同时发布作品 ,2023-01-15,阅读(1W+),39
趣站分享2023年1月上：人物志/欧美怪物/地铁数据库 ,2023-01-15,阅读(1W+),31
大象放映室：激荡四十年，看半个世纪的中国发展史 ,2023-01-15,阅读(1W+),108
2023福利汇总第7期 ：瑞雪兆丰年,2023-01-14,阅读(1W+),51
坐火车回老家遇见的妹子（假）,2023-01-14,阅读(1W+),108
岛国电影TOP250 movies 车牌号 list ,2023-01-13,阅读(1W+),130
长安沐雨梓：把游戏带入课堂，用《刺客信条》上历史课,2023-03-27,阅读(1W+),24
115网盘便宜处理了130一年,2023-03-27,阅读(1W+),485
Clibrary：基于Z-Library的电子书下载网站,2023-03-26,阅读(1W+),32
女王诺曦调教“头套男”翻车事件 ,2023-03-26,阅读(1W+),82
这直播视角是懂男人的,2023-03-25,阅读(1W+),59
2023福利汇总第42期 ：起源,2023-03-25,阅读(1W+),53
阿凡达：水之道今日上线高清版本，3.28更新4K版本,2023-03-24,阅读(1W+),32
2018年至2022年评分最高800部小电影 ,2023-03-24,阅读(1W+),186
脸红Dearie新作品：动铁艳女,2023-03-23,阅读(1W+),100
2023福利汇总第41期 ：猜猜谁回来了,2023-03-23,阅读(1W+),51
一张漫画转真人AI图引发的COS模仿秀 ,2023-03-22,阅读(10W+),60
2023福利汇总第40期 ：你的另一面,2023-03-21,阅读(10W+),58
SA国际传媒翻拍《狂飙之正义警官深陷大嫂桃色陷阱》 ,2023-03-21,阅读(1W+),65
河北永利国际KTV事件,2023-03-20,阅读(1W+),217
韩剧校园霸凌题材的《黑暗荣耀第二季》亮点片段,2023-03-19,阅读(1W+),44
2023福利汇总第39期 ：追忆,2023-03-19,阅读(1W+),49
支付宝新一轮扫码领红包，4月24日小水，亲测2.6,2023-04-23,阅读(1W+),165
立花オミナ：《把闺蜜献给我那没有两对大欧派就无法OO的丈夫》,2023-04-23,阅读(1W+),37
中国台湾旅游节目《大陆寻奇》，不一样的旅游记录节目,2023-04-23,阅读(1W+),28
法官的知识储备还真丰富，背立式的性交方式如无被害人配合时性侵无法完成,2023-04-22,阅读(1W+),52
2023福利汇总第56期 ：节能大师,2023-04-22,阅读(1W+),49
网络迷因：暗黑版《杰哥不要》 ,2023-04-21,阅读(1W+),39
怀旧剧场：《和你在一起》天才与父亲的故事,2023-04-21,阅读(1W+),25
神奇的百度网盘，竟然能用变速精灵加速 ,2023-03-18,阅读(1W+),42
补番计划：奇幻古装剧集《多罗罗》 ,2023-03-18,阅读(1W+),22
本月最强刺客！香港土生土长的第一位岛国片女演员现身！,2023-03-17,阅读(1W+),73
2023福利汇总第38期 ：极目色蓝,2023-03-17,阅读(1W+),63
2023年1月份访问量最大的福利网站排名,2023-03-16,阅读(1W+),68
サブスカ漫画作品：《女友正在看我爱爱》 ,2023-03-16,阅读(1W+),36
注册ChatGPT简要教程,2023-03-15,阅读(1W+),118
2023福利汇总第37期 ：格鲁吉亚乐曲,2023-03-15,阅读(1W+),50
香港“逆子弑亲案”改编电影《正义回廊》 ,2023-03-15,阅读(1W+),34
阿朱公园邂逅老大爷，好骚啊,2023-03-14,阅读(1W+),67
趣站分享2023年3月上：MyEdit/完美韵脚/元素周期表 ,2023-03-14,阅读(1W+),63
B站女UP主遭遇“恋爱交友”诈骗，被骗24万 ,2023-04-20,阅读(1W+),22
2023福利汇总第55期 ：舞蹈英雄,2023-04-20,阅读(1W+),56
我有一群朋友，他们想让我问问大家这是那个酒店,2023-04-19,阅读(1W+),74
“密室逃脱”文字版 ,2023-04-19,阅读(1W+),33
PDD偷盘哥事件，大学生买游戏光盘不给钱,2023-04-18,阅读(1W+),29
2023福利汇总第54期 ：和煦的糖果风,2023-04-18,阅读(1W+),40
1818黄金眼：轻松筹1万救命款，抽取8成手续费,2023-04-17,阅读(1W+),30
三上悠亚重大发表：艾薇圈隐退 ,2023-03-13,阅读(1W+),52
第95届奥斯卡获奖作品名单，附影片下载,2023-03-13,阅读(1W+),20
2023福利汇总第36期 ：追梦人,2023-03-13,阅读(1W+),61
当探花遇到熟人，羞涩还是尴尬？,2023-04-17,阅读(1W+),39
地铁男子疑似“姜文”看“推拿片”入睡真相到底是什么？,2023-04-16,阅读(1W+),35
2023福利汇总第53期 ：感觉如此真实,2023-04-16,阅读(1W+),62
趣站分享2023年4月上：通义千问/多墨智能/太极工具箱 ,2023-04-15,阅读(1W+),23
奇幻动漫：《致不灭的你》第一，二季完结,2023-04-15,阅读(1W+),9
《流浪地球2》终于出资源了！,2023-04-14,阅读(1W+),41
AI绘画Stable Diffusion解压即用绿色汉化版 ,2023-04-14,阅读(1W+),44
2023福利汇总第52期 ：晚风散去的时候,2023-04-14,阅读(1W+),64
嫖娼还能AA制？”赤峰4名男子众筹1000元接力和女网红发生关系,2023-04-13,阅读(1W+),56
加藤ももか：《我的智能手机变成了敏感少女》 ,2023-04-13,阅读(1W+),49
2023福利汇总第51期 ：老鹰之歌,2023-04-12,阅读(10W+),45
当中国作家收到日本女读者的跨国来信，迷妹还是看霓虹,2023-04-12,阅读(1W+),43
岛国小电影里的“灵魂画师” ,2023-04-11,阅读(1W+),34
“阿朱”做客虎牙主播“小小小酷哥”直播间 ,2023-04-11,阅读(1W+),48
2023福利汇总第50期 ：明晓,2023-04-10,阅读(1W+),41
2023年4月番剧推荐：《鬼灭之刃》锻刀村篇上线，第三季开更,2023-04-10,阅读(1W+),14
2023福利汇总第29期 ：孤身闯暗林,2023-02-27,阅读(1W+),46
2023年热门求出处2月下：松金洋子/七月喵子/新妈妈 ,2023-02-26,阅读(10W+),85
2023福利汇总第28期 ：日出还是夕阳,2023-02-25,阅读(1W+),58
新聊斋：《直言怪话》作者：拟态 ,2023-02-25,阅读(1W+),24
天猫潮玩社福利活动，晒单免费送手办，靠就一个杯垫,2023-02-24,阅读(1W+),22
Yatv：一起来感受下韩国网友的娱乐视频网站,2023-02-24,阅读(1W+),298
2023福利汇总第27期 ：君临,2023-02-23,阅读(1W+),49
教父企业培训女白领，这个姐姐有意思,2023-04-09,阅读(1W+),43
抖音商城新人福利，1分包邮购实物 ,2023-04-09,阅读(1W+),12
亀吉いちこ漫画：《等级只有1的公主与社畜的无人岛生活》 ,2023-04-09,阅读(1W+),40
epic商城限时免费送《Shapez》，简化版的异星工厂 ,2023-04-08,阅读(1W+),29
2023福利汇总第49期 ：女人不哭,2023-04-08,阅读(1W+),39
我们捅穿了上门按摩的最后一张遮羞布,2023-04-07,阅读(1W+),41
科普：涩情片是怎么影响你的大脑的？有更新 ,2023-02-22,阅读(1W+),75
PanDownload网页复刻版：百度网盘不限速下载解析站汇总,2023-02-22,阅读(1W+),82
一个看AI画图的网站，雅俗共赏,2023-02-21,阅读(1W+),55
2023福利汇总第26期 ：掐指一算,2023-02-21,阅读(10W+),59
ゆきよし真水：《我受到隔壁JK的威胁，并沉浸其中》 ,2023-02-20,阅读(1W+),48
2023年1月番剧推荐：《生而为狗 我很幸福》 ,2023-02-20,阅读(1W+),30
疑似“大张伟”老师下海作品泄露 ,2023-02-19,阅读(1W+),50
2023福利汇总第25期 ：今日无亮点,2023-02-19,阅读(1W+),52
AI一键生成涩图，冲击成人产业,2023-02-18,阅读(1W+),86
油猴脚本：秒传链接提取Ultra ,2023-02-18,阅读(1W+),11
论坛助手，苹果设备通用版Discuz APP,2023-02-17,阅读(1W+),22
2023福利汇总第24期 ：诡谲,2023-02-17,阅读(10W+),61
2023年热门求出处4月上：铃木美咲/배라소니 ,2023-04-07,阅读(10W+),79
2023年四月热血番剧《石纪元》第三季上线 ,2023-04-06,阅读(1W+),159
2023福利汇总第48期 ：思念的花丛,2023-04-06,阅读(1W+),42
KubeDown：最新百度网盘不限速下载油猴脚本，亲测可用,2023-04-06,阅读(1W+),38
中国电科（CETC）成都员工大骂领导截图火遍全网,2023-04-05,阅读(1W+),321
考据党：“天音まひな”新作道具翻车 ,2023-04-05,阅读(1W+),32
网友分享被诈骗经历，过程有趣，很有警示作用,2023-04-04,阅读(1W+),56
2023福利汇总第47期 ：带我去找夜生活,2023-04-04,阅读(10W+),51
成都情趣酒店有多狂，我一下午连开四间钟点房,2023-04-03,阅读(1W+),48
2023年新人推荐：三崎なな，TikTok网红出道拍片,2023-04-03,阅读(1W+),52
2023福利汇总第46期 ：时间治愈一切,2023-04-02,阅读(10W+),51
使用Edge Dev开发版浏览器候补新必应，内置ChatGPT,2023-02-16,阅读(1W+),41
黄豆瓣：大人的影片数据库,2023-02-16,阅读(1W+),178
汉典重光：古籍数字化平台，支持文字检索,2023-02-16,阅读(1W+),13
2023福利汇总第23期 ：大妹纸,2023-02-15,阅读(10W+),58
赛博朋克剧集：《边缘世界》第一季全8集完结,2023-02-15,阅读(1W+),27
ChatGPT 快捷指令版本，填写API即可使用,2023-02-14,阅读(1W+),24
趣站分享2023年2月上：诗片/快手TV/糖果盒/ARC ,2023-02-14,阅读(1W+),42
2023福利汇总第22期 ：动态之美,2023-02-13,阅读(1W+),63
复古画风热血动漫《机甲拳击》全两季,2023-02-13,阅读(1W+),21
ChatGPT API版本，免科学网络,2023-02-12,阅读(1W+),38
《空中浩劫》S23E06：四川航空8633号班机,2023-04-02,阅读(1W+),24
中文互联网的凋零，正在杀死中国人工智能的未来【为什么我们搞不出ChatGPT】,2023-04-01,阅读(1W+),54
《魔都精兵的奴隶》异世界奴隶养成记,2023-04-01,阅读(1W+),31
“枫花恋”改名“田中レモン”正式复出 ,2023-03-31,阅读(1W+),53
2023福利汇总第45期 ：睿智,2023-03-31,阅读(1W+),45
女司机演绎《戏说水浒》,2023-03-30,阅读(1W+),67
2023年热门求出处3月下：斎藤あみり/瀬名きらり ,2023-03-30,阅读(10W+),49
2023福利汇总第44期 ：慢半拍,2023-03-29,阅读(1W+),54
BVPP：AI时代，马赛克破解不再是梦,2023-03-29,阅读(1W+),69
ChatGPT提高生产力（系列一）：一键总结B站或油管音视频内容,2023-03-28,阅读(1W+),23
趣站分享2023年3月下：选股工具/HOTOKE AI ,2023-03-28,阅读(1W+),52
SWEAT：韩国健身频道，一起来看韩国辣妹流汗运动,2023-02-12,阅读(1W+),66
2023福利汇总第21期 ：大白兔,2023-02-11,阅读(1W+),61
卓别林传记：《真实的查理·卓别林》+卓别林作品合集,2023-02-11,阅读(9830),21
2023年热门求出处2月增刊：夏希まろん/牧野みおな/日向なつ ,2023-02-10,阅读(10W+),108
小蜜蜂（epubee）电子书网站站长回归，附全站资源打包+退款渠道,2023-02-10,阅读(1W+),31
2023福利汇总第20期 ：幸福的城市,2023-02-09,阅读(1W+),61
台湾知名网文作者“罗森”被抓 ,2023-02-09,阅读(1W+),33
东北往事系列：傻傻分不清我是看片还是看小品,2023-03-13,阅读(1W+),25
2023年热门求出处3月上：白桃はな/澁谷果歩/玛丽莲 ,2023-03-12,阅读(10W+),94
酷表ChatExcel：通过聊天自动处理表格，免费不限制 ,2023-03-12,阅读(1W+),32
AI一键脱衣机器人（图片处理）,2023-03-11,阅读(1W+),78
2023福利汇总第35期 ：乐谱的旋律,2023-03-11,阅读(1W+),52
板場広し漫画作品：姊姊们无法克制的榨*生活,2023-03-10,阅读(1W+),38
探花翻车事件：中场休息，妹子收到朋友消息告知被直播拍摄,2023-03-10,阅读(1W+),132
HBO出品：《最后生还者》第一季完结 ,2023-03-28,阅读(1W+),18
2023福利汇总第43期 ：坏主意,2023-03-27,阅读(1W+),45
“恋渕 ももな”新作评论区惊现司机聚会评选“车灯” ,2023-02-08,阅读(10W+),67
怀旧剧场：碟影传媒发布《芙蓉镇》4K蓝光164分钟修复版,2023-02-08,阅读(1W+),26
2023福利汇总第19期 ：你话我猜,2023-02-07,阅读(1W+),60
《你好，春节》刘嘉楠摄影展作品 ,2023-02-06,阅读(1W+),45
2023年1月番剧推荐：《冰海战记》第二季 ,2023-02-06,阅读(1W+),9
2023年热门求出处2月上：狐萝卜呦/小逗逗/TW芳作 ,2023-02-06,阅读(10W+),85
2023福利汇总第18期 ：明日之星,2023-02-05,阅读(10W+),66
阿里云盘限时福利，免费领取8T空间月卡 ,2023-02-04,阅读(1W+),19
新增两个域名，留作备用fuliba23.net、wnflb23.com ,2023-02-04,阅读(8295),16
“QQ飞车”赛车手COS服装变身流量秘密 ,2023-02-04,阅读(1W+),35
三体 (2023) 电视剧真人版 ,2023-02-03,阅读(1W+),57
“西安环卫”惊现“宅男频道”，网站被黑还是网站外包的锅？,2023-02-03,阅读(1W+),29
网文《色情片是怎样伤害人体的》评论翻车，妹子评论超多,2023-03-09,阅读(1W+),31
2023福利汇总第34期 ：灯火通明的雪夜,2023-03-09,阅读(1W+),47
《极线杀手》未剪辑版片段，上演老汉推车,2023-03-08,阅读(1W+),46
阿卡俱乐部：国产漫画小站 ,2023-03-08,阅读(1W+),23
纪录片：《大侠胡金铨》武侠导演的刀剑梦 ,2023-03-08,阅读(1W+),9
“日语”学习资料超级合集 ,2023-03-07,阅读(1W+),73
2023福利汇总第33期 ：勇者的国度,2023-03-07,阅读(1W+),47
黑冰2很神奇的福利，大白兔,2023-03-06,阅读(1W+),56
2023年热门求出处2月再增刊：本田もも/戶田真琴/天川そら ,2023-03-06,阅读(10W+),52
美女模特YeonHwa内衣造型穿搭写真,2023-03-05,阅读(1W+),70
2023福利汇总第17期 ：小畜,2023-02-03,阅读(1W+),47
“我”爬了日本图书馆上110000个影片评分 ,2023-02-02,阅读(1W+),94
福利吧2022年热门文章TOP50,2023-02-01,阅读(1W+),49
2023福利汇总第16期 ：欢迎来到西双版纳,2023-02-01,阅读(1W+),61
趣站分享2023年1月下：简明字帖/游戏天堂/一网一匠 ,2023-01-31,阅读(1W+),86
2023年Model贺岁片：《致八零年代的我们》年少的冲动 ,2023-01-31,阅读(1W+),79
B站有大神入驻，美国拍片的华裔导演K老师,2023-01-30,阅读(1W+),57
2023福利汇总第15期 ：注意看，这个男人叫小帅,2023-01-30,阅读(1W+),45
2023年热门求出处1月再增刊：白峰美羽/爱须未音/小花のん ,2023-01-29,阅读(10W+),111
岛国流行题材“真空散步”，小白兔呼之欲出,2023-01-28,阅读(1W+),71
2023福利汇总第14期 ：歌唱动荡的青春,2023-01-28,阅读(1W+),62
《有花无实》日本漫画家NON悬疑作品 ,2023-01-27,阅读(1W+),25
2023福利汇总第32期 ：夜航船,2023-03-05,阅读(1W+),63
有幻草原：《勇者的末路》 ,2023-03-04,阅读(1W+),40
网友推荐，破解游戏下载天堂，带赞美魔法之神系列,2023-03-03,阅读(1W+),73
东北怪奇物语《立功·东北旧事》范伟主演 ,2023-03-03,阅读(1W+),25
2023福利汇总第31期 ：归于朝阳,2023-03-03,阅读(1W+),47
上海老司机成都/重庆娱乐游归来,2023-03-02,阅读(1W+),52
iDoL翻拍《狂飙之高启强与陈书婷的风花雪夜》 ,2023-03-02,阅读(1W+),50
迪士尼“星战”真人剧集《曼达洛人》第三季开播 ,2023-03-02,阅读(1W+),165
2023福利汇总第30期 ：草原,2023-03-01,阅读(1W+),58
2023年1月番剧推荐：《狩火之王》第一季 ,2023-03-01,阅读(1W+),19
这节目导演太懂了，泳装冲关秀出好身材,2023-02-28,阅读(1W+),46
趣站分享2023年2月下：爱校对/故宫壁纸/诗三百 ,2023-02-28,阅读(1W+),33
短片：偷情者生命的最后5分钟,2023-02-27,阅读(1W+),50
安部未华子：出道十年无人问，爆炸引退万人追 ,2023-01-12,阅读(1W+),50
2023福利汇总第6期 ：快乐之源,2023-01-12,阅读(1W+),55
找到你喜欢的电报群 ,2023-01-11,阅读(1W+),45
ひらめき無無剣：FC2新人卖家，马赛克打了个寂寞,2023-01-11,阅读(1W+),97
2023福利汇总第5期 ：气泡音,2023-01-10,阅读(1W+),50
大石中二漫画作品：《处女丧尸》 ,2023-01-09,阅读(1W+),30
韩国综艺《性+人物》人性大不同，不适合公共场合观看,2023-05-06,阅读(2334),1
2023福利汇总第63期 ：等你不等你,2023-05-06,阅读(1W+),25
淘宝京东优惠商品汇总，5月6日19点更新,2023-05-06,阅读(10W+),20574
偶像下海了，我要当男优 ,2023-05-05,阅读(1W+),20
漫画《我只是偷看了她的手机而已》翻拍真人版第二部 ,2023-05-05,阅读(1W+),15
《塞尔达传说：王国之泪》偷跑，模拟器整合版，带60帧补丁 ,2023-05-04,阅读(1W+),30
2022福利汇总第181期 ：￥%#&*,2022-12-29,阅读(1W+),61
Alist v3 将阿里云盘他人分享链接进行挂载丨不占用自己云盘容量,2022-12-28,阅读(6342),34
Coomer：OnlyFans付费资源公共存档网站,2022-12-28,阅读(1W+),72
无责任推荐，菲律宾电话卡6元包邮，无需实名免月租可延期,2022-12-27,阅读(4991),29
2022福利汇总第180期 ：孤独摇滚,2022-12-27,阅读(8887),51
豆瓣2022年度电影榜单：附资源下载,2022-12-27,阅读(4637),26
2023年热门求出处1月增刊：皆月ひかる/石川澪/竹内乃爱,2023-01-09,阅读(10W+),62
蔡依林演唱会这衣服可以啊 ,2023-01-08,阅读(1W+),76
2023福利汇总第4期 ：遥望旅途,2023-01-08,阅读(1W+),57
2023年热门求出处1月上：Seviliyager/藤乃あおい/抖音艾琳/山手栞 ,2023-01-07,阅读(10W+),80
王师傅走四方：穷游内蒙古，地窝子生存记,2023-01-06,阅读(8065),28
2023福利汇总第3期 ：喂，看哪里呢？,2023-01-06,阅读(1W+),52
印度新片《误杀瞒天记2》已出 ,2023-01-05,阅读(4896),40
喜剧大赛决赛作品《再见老张》笑点很密 ,2023-01-04,阅读(6275),58
京东买一送六，京东Plus+爱奇艺+腾讯视频等218元 ,2023-01-04,阅读(3693),14
2023福利汇总第2期 ：心中的过往,2023-01-04,阅读(1W+),70
日本公子，美好肉体集中营 ,2023-01-03,阅读(1W+),86
新年新气象，枫花恋改名“田中レモン”疑似复出 ,2023-01-03,阅读(1W+),54
2023福利汇总第62期 ：快点脱，不要啰嗦,2023-05-04,阅读(1W+),41
抠迪歪歪歪：云南山歌破圈史《老司机带带我》词曲演变全解,2023-05-04,阅读(1W+),14
2年月租29可装宽带【联通小狼卡】每月210G通用+200分钟通话,2023-05-03,阅读(10W+),539
桃果あかり：S1出道新人居然是FC2老演员 ,2023-05-03,阅读(1W+),35
灌篮高手（全国大赛）TC版,2023-05-03,阅读(1W+),14
2023福利汇总第61期 ：小茉莉,2023-05-02,阅读(1W+),45
《漫长的季节》：《隐秘的角落》导演新剧开播 ,2023-05-02,阅读(1W+),18
超3千万播放的部位增长锻炼示范，油管最牛逼视频无之一,2023-05-01,阅读(1W+),33
教教我：如何找到漫画本子资源？ ,2023-05-01,阅读(1W+),50
阿里云3个月云端电脑免费试用，性能强悍速度很快,2023-04-30,阅读(1W+),21
2023福利汇总第60期 ：为谁悲伤,2023-04-30,阅读(1W+),47
迪亚拉：是黑人中医，不是黑中医,2023-04-30,阅读(1W+),30
讲述发生在技师身上喜闻乐见的小故事：油管频道青柠檬,2022-12-26,阅读(7881),37
韩国比基尼女孩,2022-12-25,阅读(6198),74
2022福利汇总第179期 ：祈雨（圣诞快乐）,2022-12-25,阅读(6807),67
豆瓣2022年度读书榜单出炉，附部分图书下载,2022-12-24,阅读(2833),35
B站考研UP主忘了自己正在直播，当众做起了“私”事,2022-12-24,阅读(5580),33
十七年网站“糗事百科”停服,2022-12-23,阅读(1933),23
微信推出抗疫互助功能，附近求药、送药,2022-12-23,阅读(1188),23
2022福利汇总第178期 ：w(ﾟДﾟ)w,2022-12-23,阅读(6173),58
2022年热门求出处12月下：咖米狸/樱落酱/寺本莉绪/兔丸没烦恼,2022-12-22,阅读(1W+),63
Netflix日漫改编剧集：《弥留之国的爱丽丝》第二季全8集上线,2022-12-22,阅读(2693),33
2023福利汇总第1期 ：新的道路,2023-01-02,阅读(9856),71
《中国奇谭》：上海美术电影制片厂2023年开年大作 ,2023-01-02,阅读(4554),55
国产巅峰之作，究竟是哪一部作品？ ,2023-01-01,阅读(1W+),91
趣站分享2022年12月下：白噪音/蒸汽波复古电台/算数能力测试 ,2023-01-01,阅读(4412),26
美团外卖券包最后一天，叠加18日神券节28-18红包！,2023-01-01,阅读(1W+),18
每日领美团外卖红包，新增拼好饭+超值券包,2023-01-01,阅读(1W+),163
每日领京东年货节红包，可叠加 ,2023-01-01,阅读(3742),32
饿了么外卖红包天天领，最多66元,2023-01-01,阅读(5253),10
大毛家的盗版技术真的好，特别是俄国P站 ,2022-12-31,阅读(1W+),102
2022福利汇总第182期 ：愚蠢的玩笑,2022-12-31,阅读(6364),59
恋渕 ももな：不堪忍受性骚扰，那就出道吧！ ,2022-12-30,阅读(1W+),57
2022年奇幻十月番《电锯人》第一季完结， ,2022-12-30,阅读(1W+),28
2023年热门求出处4月下：姜杉/啊日日/1p狼/就是小唯 ,2023-04-29,阅读(10W+),46
《满江红》春节档热门电影，高清流媒体版,2023-04-28,阅读(1W+),21
2023福利汇总第59期 ：卡特琳娜,2023-04-28,阅读(1W+),32
女司机泰国抓凤筋体验,2023-04-27,阅读(1W+),35
趣站分享2023年4月下：偷懒工具/B站录播姬/AI帮个忙 ,2023-04-27,阅读(1W+),42
油管UP主盘点十大探花女神，关键词都在这里了,2023-04-26,阅读(1W+),66
在论坛商家买的一双莆田鞋，不错不错,2023-04-26,阅读(1W+),32
2023福利汇总第58期 ：门德斯山羊,2023-04-26,阅读(10W+),53
TMA社改编新作《电锯人》真人版 ,2023-04-25,阅读(1W+),35
国产武侠悬疑剧《侠探简不知》,2023-04-25,阅读(1W+),34
【转帖】天涯社区30年被删除的神贴，经典贴子最全整理,2023-04-24,阅读(1W+),73
2023福利汇总第57期 ：安然的养神,2023-04-24,阅读(1W+),45
新人动作片女优神木麗，靓丽的外表完美的身材,2022-12-21,阅读(9975),74
2022福利汇总第177期 ：冬,2022-12-21,阅读(5818),65
桂あいり漫画：《醒时同交欢》可惜不是你，有漫改真人版,2022-12-20,阅读(8702),33
P站2022年度报告出炉！奇怪的知识又增加了！,2022-12-19,阅读(4247),46
2022福利汇总第176期 ：旧约·雅歌,2022-12-19,阅读(5827),57
昨天你们看“球了吗,2022-12-19,阅读(4809),101
GGBoom：谷歌翻译修复工具,2022-12-18,阅读(1734),22
土豪视角：一只霸王兽,2022-12-17,阅读(9294),125
2022福利汇总第175期 ：显示失败,2022-12-17,阅读(7308),75
刚看了一部老科幻片《宇宙天魔》宇航服又大又白,2022-12-16,阅读(5674),72
蜗牛云盘TV版：阿里云盘第三方TV播放器，新增车机版,2022-12-16,阅读(3589),22
硬件茶谈：全网最好的装机教程，没有之一,2022-12-15,阅读(3375),58
2022福利汇总第174期 ：友谊太阳,2022-12-15,阅读(5990),51
【教程】把chatGPT调教成一只18R猫娘,2022-12-14,阅读(5918),46
